text,label,cluster
"Last day of 2019 : I‚Äôll be honest I had high hopes for today. My family and I were all gonna sit in the living room watching friends but not just watching, laughing and talking together as well. But now it‚Äôs the last two hours of the year and my parents are watching something else, my brother is playing video games and I‚Äôm stuck in the basement feeling sorry for myself.  

The last hours and I‚Äôm depressed. I‚Äôm going to start the new year depressed. Sometimes I hate that I have hope... it somehow hurts me more

Once it‚Äôs 12:00 I‚Äôm gonna go to bed, listen to music while staring up at the ceiling just letting depression take over, like usual.",moderate,1
"2020 is the year I take a stand against depression. : Depression is a greedy soab. It takes far too much time, far too many lives. It ruins relationships with families, spouses, friends... It ruins the mind of those it afflicts. Treatment is a long process, with so many wrong roads to go down. 

I have tried pills; many kinds. I have tried therapy many times. The depression I have is something I can't fix with these things, I have learnt this. It took over 10 years to figure it out but better late than never. And while there may be no true end to it, I've found the best way to get over feeling depressed (in my case) is to actively rebel against it. 

""I don't want to cook dinner, I'll just have toast.""   
""I can't go for a walk, it's too cold.""   
""I don't feel like doing anything."" etc etc... You know the drill I'm sure.

But you know what, depression? Fuck you. I may not be motivated to do anything at all right now but out of sheer spite, as a complete middle finger to this horrible mental affliction... I'm going to prove you wrong. You do not own me.",moderate,1
"Can anyone relate. struggling : First time posting on reddit. yay 

Things in my life are getting to the point where it feels like a mountain of experiences are pressing me down and I feel like I can‚Äôt breathe or handle any stress without breaking down and crying all the time. I feel ok for short periods and then all of a sudden, whoosh - it‚Äôs like a wave knocks my feet out and pulls me underwater for hours and I don‚Äôt know what to do anymore. I‚Äôve gone to therapy and most of the time I feel better for a couple hours afterward and then it goes right back to this dark heaviness. I feel hopeless and like I can‚Äôt relate to a lot of people in the city which is why I‚Äôve temporary located back to this small town where I spent some time a few years ago..

highlight reel:

-mentally disabled older brother + emotionally unavailable/blocked parents (who never explained what was wrong with him until I asked when I was 14. We didn‚Äôt talk/hug/ate dinner maybe 4x/year together. lot of anger and talking behind each other‚Äôs backs since I can remember-mostly my dad doing this. 

-close family friend (like an uncle to me) drunk drove off a ridge and killed himself when I &amp; his son was 13 (close childhood friend) who then later accidentally killed himself of a meth overdose when we were 19/20 

-a year prior ^^ my best childhood friend was killed in a car accident and it felt like nobody I knew could relate 

-dislocated left shoulder 6 times over 7 years, had surgery when 16 &amp; 22, but the guy who did the first operation messed it up and screwed up my shoulder/drilled too much into my bone. felt like I didn‚Äôt have a say as my parents decided it at the time and I went into a super dark depression afterward. chronic pain in both shoulders and neck. feel like I‚Äôm 70 sometimes always thinking about my body  

-been sexually assaulted like 5 times, was held down and choked while someone came inside me in the back of a minivan. another time was roofied and woke up naked in a bed of a guy I had no clue who he was and how I got there, couldn‚Äôt remember anything. passed out drunk in my bed another time after party I organized at home and woke up to a friend‚Äôs friend having anal sex with me. etc. Recent turn of events has me reliving the most recent one and it makes me feel so worthless and like it‚Äôs all my fault esp since it was so painful and has affected me the most. sometimes I feel like I hate my body

-on that note I seem to keep attracting guys who aren‚Äôt patient or sensitive enough to take things slow and I keep getting hurt by things moving too fast even when I keep saying that I need gentle progression/mega trust first but I feel like I‚Äôm just continuing to lose hope at genuinely connecting with anyone. I get attention from guys who tell me I‚Äôm cute/smart but I feel so detached from my body, like cardboard. feel hopeless and scared to trust men

-I know I‚Äôm not fat but feel like I am always criticizing my body, I look in the mirror and see huge hips and I tell myself I‚Äôm ‚Äútoo big‚Äù and take up too much space and my butt‚Äôs not big enough, etc. From being told I was too skinny as a little girl and then gaining weight after 1st surgery. Troubling? thing is now I weigh 139, I‚Äôm 5‚Äô10, which means I haven‚Äôt weighed this little since I was like 14. I‚Äôve been told multiple times by guys I‚Äôve dated that I‚Äôm hot and sometimes I look at myself and think, whoa I‚Äôm super skinny what am I talking about, And then it goes right back to critic eyes and it seems like everything I wear makes me look huge. also, as a performer in college, I got a lot of feedback to be skinnier and it feels like it‚Äôs permanently affected how I see myself. Like it‚Äôs a good thing if I go a day without eating even though I know that‚Äôs not healthy. does anyone relate??

-survived a mass shooting at work this year and now I feel like the ptsd is making me insane. It got better and then it got worse. I‚Äôm scared to go out grocery shopping for too long, I couldn‚Äôt even go out tonight because of all the fireworks sound like gunshots and I still feel like I‚Äôm in a state of shock 

-Student debt‚Äôs only close to like $40k but I got an arts degree and now just feel screwed after having taken time off for this 2nd shoulder operation and feeling so insecure/doubting myself &amp; my abilities to do anything ‚Äúproductive‚Äù // ‚Äúof worth‚Äù with my life. 

-climate change extinction you know the drill

Everything just feels pointless and I have such a lack of motivation to do most things. Even the littlest things take so much energy. I feel like I can‚Äôt even talk to people for extended periods of time because I just want to lie down or be alone

TL;DR life‚Äôs been hard and I feel broken and hopeless. does anyone relate",moderate,1
"My mum died two days ago, my heart is hurting so bad : I feel like I will never stop crying and feeling teary. My heart feels so sad for my Mum who won't get to do the things she loved anymore. She'll never get to feel the warmth again and get a really dark tan like she always did. It destroys me that her death could have been possibly prevented if she had been treated sooner. She was only 54, she should still be here. 

I'm torturing myself thinking of all the stupid times that I didn't act the way I should have just because I was too depressed. Or the things I didn't do that she asked me too or hinted/suggested. I had the ability to make her happy and I didnt. I upset her just because of my negative mind and how effected she was by me. All the lost moments where I was in the room but my mind wasn't present in the slightest.

She was suffering for a long time with alcoholism and unfortunately cancer took over her body. I feel like more could have been done to stop her from dying, I feel like I should have done more and been more helpful with her physical and mental health. I should have realised she was so unwell in the weeks before her death, there were days when I would look at her and just think oh god you look so unwell, why did I not say something? She might still be here if she had got to the hospital earlier. 

My heart hurts thinking about whether she was scared or worried. Whether she knew she was dying or had accepted her fate. Whether she knew she was leaving us and how distraught we were. When she was awake but delirious I couldn't look at her without crying, she must've known something was wrong because she almost never saw me cry. It brings me some peace to know she can't think and can't hurt anymore, her mind is resting and she is free from the pain of life.

I honestly don't know how i'll get over this, I realise only now that she was such an important factor in my life, I depended on her and she depended on me. I should've been there for her.",moderate,1
"I feel guilty for being depressed : I feel guilty for being depressed...which makes me feel ungrateful...which makes me guilty...which makes me more depressed. 29F
I have many blessings in my life - my health, my family, my loving partner, a great education, a great job, financial resources, a lot of wonderful things...but I'm still depressed on a day-to-day basis and I feel terribly guilty about it. Based on all of these blessings, I should be very happy and content, but I'm not. I am melancholy at times, agitated, irritable and unpleasant. 
I have scrupulosity OCD, which is essentially an overly active moral compass and makes me empathize and feel compassion very deeply. It also comes with a lot of guilt. If I see a homeless person or someone less privileged, I often think, ""that should be me"" or "" maybe God should give me something to REALLY cry about. and then I'll learn to appreciate my life.""
I don't really know why I'm posting here, just venting, I suppose.
Does anyone have any tips for just accepting yourself and your depression?",moderate,1
"Alone for the first hours of 2020 : Hey there

Maybe youre alone tonight.

I am also alone.

But thats ok, tbh. Not a big deal.

Since were both alone, why dont we be alone together.

Have a happy new year.",not depression,0
"parents suck : I‚Äôm very easily agitated because if my depression, which doesn‚Äôt really affect me except for with my family. I‚Äôm not annoyed at my friends, they could do almost everything, but if my family even looks at me the wrong way it sets me off. My usual reaction is to just go to my room, to avoid conflict (because my parents always get really mad when I‚Äôm annoyed), which might make them even more mad, because they ‚Äòdon‚Äôt see me as much as they used to‚Äô. Basically I can‚Äôt do it right in this situation, because if I avoid it they get mad and if I don‚Äôt avoid it they also get mad, and their solution is to just ‚Äònot be annoyed as much‚Äô, which really can‚Äôt be done. 

On new years eve (of all eves) my dad (again) got really mad at me. Threatened to throw me out of the house we‚Äôre currently in and spent the night outside (we‚Äôre on a ski vacation, it get‚Äôs below -15¬∞C here at night). Said I have to go to therapy for being annoyed (I‚Äôve went to therapy before, it really did not work for me). My mother joined in and asked why I couldn‚Äôt just be a normal child. So yeah, I spend the first few hours of this new decade crying.",moderate,1
"alone : i have been left cold, scarred, and empty  by this past year. the one and only thing i want in life is love. it also seems to be the one thing i can‚Äôt have. this past year i have gained and lost the only love ive ever had in not even a month. i feel like im not good enough for someone to love me. am i damned to another year of this empty desire?",moderate,0
"2020 is gonna kick my ass : if I don‚Äôt end it all this year it will be a miracle. I‚Äôve already spiraled for the past 6 months and I don‚Äôt know what the FUCK TO DO. my mom has terminal pancreatic cancer and she‚Äôs been diagnosed for 4 months. The average time from diagnosis to passing away is usually 3-6 months and 8-12 months with good treatment. If she dies this year idk how I won‚Äôt kill my self or give up on everything. I‚Äôm graduating high school this year and I‚Äôm worried I‚Äôm going to end up hanging from a noose or strung out on every drug I can get my hands on. I‚Äôm a 17, almost 18 year old girl I should be hanging out with friends and partying like I did when I was 16. Instead I cried in front of my parents 30 minutes after watching the ball drop in New York. I started this decade off crying and with zero sleep.",moderate,1
"Would a kind, anonymous human hmu please : For deep chats and a potential no strings attached friendship
You'd be helping my psyche kind person",not depression,2
"i want to die but i don't want to kill myself : i want to die, to just cease to exist, i dont want to go anywhere after this life i just want to end.

everything feels like a struggle, no one seems to understand, i try so hard to knock down my walls and let people in to let people see i need help but my cries for help are always brushed aside. im told to just not feel how im feeling like its wrong or like its an option im choosing.

i feel like my husband always gets upset with me when im not happy .. but i dont know how to win if i dont tell him i feel terrible and im not confiding in him but if i do tell him to often he gets upset .. i know this would be so hard on him aswell but when im clearly not ok he just ignores me.. leaves me even sometimes like today the entire day alone in my head .. some days he cares and is so loving and somedays its like he doesnt care at all and more often than not its the days i need him the most...

i dont know what to do .. im so alone .. and i cant do this anymore .. killing myself doesnt feel like an option because of all the hurt ill leave behind but i have to do something .. i feel like im dying slowly from the inside i just want the pain to end.",moderate,1
"we made it to 2020 my dudes : well done to all of you for making it, I'm proud &lt;3",not depression,0
"I feel like a ghost... : I feel like nobody would really miss me if a suddenly dropped dead. Everywhere I go I wonder if I‚Äôd really be missed if I died. I‚Äôm a senior in high school and it feels like most of the time I don‚Äôt even exist. When I go to school nobody ever greets me or wants to have a conversation with me. 

I‚Äôm ignored by everyone even people I‚Äôd call my friends. I can‚Äôt help but feeling worthless, that people I‚Äôve known for years won‚Äôt even talk to me. It feels like nothing ever changes too, I go to school, come home and that‚Äôs it. I don‚Äôt even care about popularity or anything like that I just want a couple friends I could be really close with. The kind of people you hang out with all the time and are totally comfortable with.

I just needed to vent, I don‚Äôt know about the rules on the sub but I just needed to get that out.",severe,1
I wish I could give my life to someone who actually wants to live : Fuck New Years by the way,moderate,0
"2020 is in less than 2 hours and I don't feel ready : Everything is against me, especially during these holidays. My friends, my family, myself are all fucking me up deeply. 2019 was not a good year for me. How am I supposed to survive 2020 when theres no one left to help me?",moderate,0
"Depression or laziness? : For quite a long time now, I've been restless, not enjoying life at all(anhedonia), and lacking any sort of motivation to do anything at all. For a while I thought I was lazy, but I'm quite a rational person, and even when I've made full sense of why I should get up and do a thing, I recede into doing nothing again. I just don't seem to care enough about anything, nothing seems to be worth my effort. I have no passions or liking to things, I just sit there on my computer all day/TV. 
Most days I see no reason to get up or do anything healthy/productive. It's quite a nihilistic out view I have. I must say, I'm quite optimistic. As contradictory as that sounds I always look on the bright side of things, as it always bodes a better result.
Am I extremely lazy or depressed? I sure feel down most of the time, when I'm with friends it's okay, but it's not like any of my laughs or smiles are genuine however; I feel emotionless most of the time. This has been going on for at least a year or two and I really need to get work done and get on with my life so I don't fall behind. Any help would be appreciated :)",moderate,1
"$1,000,000 or no more depression? : Which would you pick?

And do you think if you chose the money it would help or get rid of your depression?",not depression,0
"Negative Nancy : I‚Äôve recently started dating someone who I‚Äôve had a crush on since I was 13 (Now 23). I‚Äôm so happy that it‚Äôs finally working out with us, but I think I upset him a little bit when I told him that I haven‚Äôt said anything to my parents. He knows my parents well and they really love him. I just am too scared to tell them because it‚Äôs so hard for me to be optimistic about anything. I don‚Äôt want to tell them because I don‚Äôt want to deal with telling them it didn‚Äôt work out, and it‚Äôs so hard for me to believe that it will. I wish I could be positive, but it‚Äôs just really hard for me.",moderate,1
I‚Äôm sure I‚Äôll die alone at this point : I know I need therapy and to work through my shit before trying to date. But I feel really fucking ugly and like I‚Äôm going to die alone even if I work on myself. I keep pushing people away and blew it with a good guy a few months ago. Confident I‚Äôm going to die alone and I really don‚Äôt want to be alive anymore to think about this pain.,moderate,1
"How to not lose your focus while being productive? : Any questions?  

It's like a problem right now on me.  


Have you felt like when you're learning online on youtube and you jump onto clips that are junk...

It's like you lose something after you do that.

You felt lost.

And like I am stuck...

I don't know what should I do next it's like have a path to walk but that path has a locked door so I can't go through",moderate,1
Test testing 1 two one 2 üå≤ : Hello? Can anyone see this? No? Ah okay.,not depression,2
Trying to fix my mistakes : I am having one of the worst bouts of depression in my college career. I love my field of study but haven‚Äôt been going to class or doing work because of (you know) my depression. I‚Äôm very close to a few of professors and feel like I‚Äôve just disappointed them beyond reproach. Any advice on how to explain to them and jump back in classes?,moderate,1
"Two labels, two boxes : A month or so ago, in some warehouse, two labels were switched and put on the wrong boxes (not by me). Through a chain reaction since then, I'm now sobbing inconsolably and hating myself and my life. Happy New Year?",moderate,0
"Help- false alarm : I'm sure everyone here has a dream. I have lots... Sadly, I have this overwhelming feeling. I think I'm getting close. I will most likely not make it.",moderate,0
How effected by your depression are you in your daily lives? : [removed],not depression,2
"Alone on Nye (another holiday) again : I'm so tired of being alone all the time. I'm trying to be a good person, meet peoole, do things. And just like my 30th birthday earlier this past year I'm alone again. I've reached out to people and been ghosted I've asked and been told one thing and then they disappear. I've asked on Facebook, I've looked online. And that's it just another Nye alone by myself without a single fuck from anyone. It's hard enough dealing with depression and not using as it is. But right now I just want to give up. What's the point of life if you're never living",moderate,0
No willpower. : [removed],not depression,2
Words can‚Äôt describe how bad I feel right now : I just want to fall asleep forever.,severe,0
"Latuda and Klonopin : I was just recently diagnosed with major depressive disorder and generalized anxiety disorder. I cannot take SSRI'S because they give me serotonin syndrome. 


I was taking abilify and they want to switch me to latuda. I've never taken it and read some awful stories about it. Now I'm scared to try it. Anyone have any experience with it? 


Also I'm taking 0.5 Klonopin as needed for anxiety. Whenever it wears off I'm in the worst mood ever. Like I turn into a rage monster. Is this normal?",moderate,1
"Anybody else just have full body weight shut down? : I feel like I‚Äôm doing okay, and then things pile up, keep piling up and it literally feels like a ton of bricks are on top of me and I can‚Äôt move.  Thing is, I don‚Äôt care.  I want more at that point.",not depression,1
Does sertraline make you gain weight? : My doctor gave me a prescription for this today and as its the first anti depressant ive ever taken im a little cautious. Are there any symptoms that are common that I should be made aware of? I'm also really into my fitness and I maintain my weight for this ... do I have to be worried that this going to cause a big gain for me? Sorry if I sound clueless... that's because i am haha,severe,1
Sad today : I‚Äôm really lonely today I don‚Äôt know why. What do you guys do to cope with loneliness?,moderate,0
"Feeling powerless/helpless : Sorry I just need to vent. My depression has been so bad lately I cant drown it out with activities, it's always eating away at the back of my mind.  I'm 24, jobless, and still living with my parents. I'm looking for jobs but none have called me back, and I feel like a failure when I realize most people my age have moved out and (mostly) have their shit together. I'm also terrified of driving which really limits my independence. I'm going to school and like to think I'm trying to better myself, but it seems like everything I do is all for nothing. I guess I'm just wondering if anyone else has ever been in a situation similar to mine? 
If you read this far, thank you  for your time. All this may not seem like a big deal but it has me feeling utterly powerless and worthless.",moderate,1
"There‚Äôs a big chance it‚Äôs going to be today, my suicide : I was going to try &amp; wait a week but I‚Äôm ready now. I think the universe is ready too. My main regret is trusting people, as cynical or immature as that sounds. I‚Äôm ready to let go. I don‚Äôt have any need to be angry at this point. If it weren‚Äôt going to be today it would be in a few years max. I know no one cares about me or maybe some of them were never aware enough of my situation to know I‚Äôve been past the point of no return for a bit now, at least 10 months probably. I don‚Äôt have anyone to say this stuff to, but I accept that. I wasn‚Äôt meant to be here long.",moderate,1
"2020 is in less than 2 hours and I don't feel ready : Everything is against me, especially during these holidays. My friends, my family, myself are all fucking me up deeply. 2019 was not a good year for me. How am I supposed to survive 2020 when theres no one left to help me?",moderate,0
"Depression or laziness? : For quite a long time now, I've been restless, not enjoying life at all(anhedonia), and lacking any sort of motivation to do anything at all. For a while I thought I was lazy, but I'm quite a rational person, and even when I've made full sense of why I should get up and do a thing, I recede into doing nothing again. I just don't seem to care enough about anything, nothing seems to be worth my effort. I have no passions or liking to things, I just sit there on my computer all day/TV. 
Most days I see no reason to get up or do anything healthy/productive. It's quite a nihilistic out view I have. I must say, I'm quite optimistic. As contradictory as that sounds I always look on the bright side of things, as it always bodes a better result.
Am I extremely lazy or depressed? I sure feel down most of the time, when I'm with friends it's okay, but it's not like any of my laughs or smiles are genuine however; I feel emotionless most of the time. This has been going on for at least a year or two and I really need to get work done and get on with my life so I don't fall behind. Any help would be appreciated :)",moderate,1
"$1,000,000 or no more depression? : Which would you pick?

And do you think if you chose the money it would help or get rid of your depression?",not depression,0
"Negative Nancy : I‚Äôve recently started dating someone who I‚Äôve had a crush on since I was 13 (Now 23). I‚Äôm so happy that it‚Äôs finally working out with us, but I think I upset him a little bit when I told him that I haven‚Äôt said anything to my parents. He knows my parents well and they really love him. I just am too scared to tell them because it‚Äôs so hard for me to be optimistic about anything. I don‚Äôt want to tell them because I don‚Äôt want to deal with telling them it didn‚Äôt work out, and it‚Äôs so hard for me to believe that it will. I wish I could be positive, but it‚Äôs just really hard for me.",moderate,1
I‚Äôm sure I‚Äôll die alone at this point : I know I need therapy and to work through my shit before trying to date. But I feel really fucking ugly and like I‚Äôm going to die alone even if I work on myself. I keep pushing people away and blew it with a good guy a few months ago. Confident I‚Äôm going to die alone and I really don‚Äôt want to be alive anymore to think about this pain.,moderate,1
"How to not lose your focus while being productive? : Any questions?  

It's like a problem right now on me.  


Have you felt like when you're learning online on youtube and you jump onto clips that are junk...

It's like you lose something after you do that.

You felt lost.

And like I am stuck...

I don't know what should I do next it's like have a path to walk but that path has a locked door so I can't go through",moderate,1
"Relationship poem writing poems is a great way of getting your feelings out please try it! : It always starts off beautiful 
Until the cracks begin to show 
Then that beauty turns to awful
Not that you could know

She will say that she loves you
Just to keep you in her pocket
But really she‚Äôs just using you
And your too blind to spot it 

The fights and shouts are hurtful
You know something‚Äôs not right 
She‚Äôs used to be so fruitful 
Changed without a sight 

She grows more and more distant 
You struggle to close the gap
Soon you‚Äôll be nonexistent 
And she won‚Äôt give a crap 

Then one day you‚Äôll give in
She doesn‚Äôt love you no more 
You even give up tryin 
And just walk out the door",not depression,1
"I feel like a ghost... : I feel like nobody would really miss me if a suddenly dropped dead. Everywhere I go I wonder if I‚Äôd really be missed if I died. I‚Äôm a senior in high school and it feels like most of the time I don‚Äôt even exist. When I go to school nobody ever greets me or wants to have a conversation with me. 

I‚Äôm ignored by everyone even people I‚Äôd call my friends. I can‚Äôt help but feeling worthless, that people I‚Äôve known for years won‚Äôt even talk to me. It feels like nothing ever changes too, I go to school, come home and that‚Äôs it. I don‚Äôt even care about popularity or anything like that I just want a couple friends I could be really close with. The kind of people you hang out with all the time and are totally comfortable with.

I just needed to vent, I don‚Äôt know about the rules on the sub but I just needed to get that out.",severe,1
anyone wanna talk? : hey y‚Äôall. is anyone not too busy to dm me? sis is pretty lonely but i don‚Äôt think i‚Äôm the only one and i‚Äôd like to spend new years not entirely alone,not depression,0
"Happy New Year Folks : I hope we all find some peace of mind in 2020, regardless of what you're going thru, I'm hoping 2020 kicks ass for you all.",not depression,0
"Cringing over my own socializing attempts : A few weeks ago a friend invited me to her party. I was struggling to motivate myself and get out of bed but I had promised her I would come and eventually I got dressed.

I was not expecting much because she is the only person I really knew there and I am not very good with meeting new people. But surprisingly I was having fun and talked to a bunch of people and even started conversations (!!!). I guess the alcohol helped a bit... 

When I got home I was really proud of myself for going to the party and especially talking to people and not sitting in a corner quietly. The feeling of making progress gave me a little confidence boost.

Fast forward to now. When I think back I feel like I was putting on a mask so I look like I am a social and fun person. Thinking about those conversations really makes me cringe because now they feel so fake and pointless. Like I was just having them to have a smooth, non-awkward evening and staying in my ""party persona"". 

I get the same feeling when I think about times where I opened up to my 2 best friends about having mental problems. In those moments I really had the feeling that I am making progress and this will help me. And even though they listened to me now it just feels like being a burden and a cry-baby. I just scratched the surface with them and I feel like if I unpack the bigger things they feel like I am this over-sharing weirdo that just wants a shoulder to cry on.",moderate,1
"$1,000,000 or no more depression? : Which would you pick?

And do you think if you chose the money it would help or get rid of your depression?",not depression,0
"i have a question : sooo does anyone really just want to disappear or want to try something but is just too lazy too, or just too unmotivated to do anything. because that‚Äôs how i feel, i really just hate the place i‚Äôve been in for the last few months and it‚Äôs starting to really really get to me. i just want to be unknown so i can die without hurting people or just disappear without people wondering where i went. although the other thing is i have no motivation to do those things or even anything, if i could i would melt into my bed and stay there forever....fuck new years",moderate,1
"alone : i have been left cold, scarred, and empty  by this past year. the one and only thing i want in life is love. it also seems to be the one thing i can‚Äôt have. this past year i have gained and lost the only love ive ever had in not even a month. i feel like im not good enough for someone to love me. am i damned to another year of this empty desire?",moderate,0
"I didn't want to make it to 2020 : Really wanted to die this year, or atleast before my next birthday. I'll probably make it past that due to my lack of will to do anything / inability to change or get better.

Hope you can enjoy the New Year regardless.",moderate,0
"I hope things get better for you. : This time of year is always a rough time. Always a reminder of the good times everyone else is having. It's not about them though, it is about you.  I hope that things get better for you.

I have made no resolution. My original intent was because I didn't want it to be another failure. But, I will continue to try to work at getting better.  I hope everyone here does the same. Baby steps.  Fuck everyone else. You should matter to you.

Happy New Year from me to all that are suffering.  You are not alone!",not depression,0
"I‚Äôm just having a hard time : Tl;dr I‚Äôm just having a hard time, and I know it will pass but it hasn‚Äôt yet and it sucks. 

I don‚Äôt know why I‚Äôm here, I‚Äôm usually not one to show any emotion, or ask for help, I‚Äôve always been mild and even tempered. Lately I‚Äôve really been struggling though, I deleted my social media‚Äôs weeks ago, due to negative interactions, before that I ditched long running games I‚Äôd played on my phone, the idea behind that was so that I could focus more time on my family without distractions. I had a drastic shift change at work and I knew time with them was going to be at a premium already and I didn‚Äôt want meaningless things taking away from them. My wife struggles with her own anxiety and depression, I don‚Äôt want to lump mine on to hers when I don‚Äôt full understand it myself, even though to a certain degree I already do, I removed familiar comfort distractions and I never replaced them with constructive creative outlets like I intended. I cut out the empty but never replaced it with anything meaningful, the things that distracted me from the monotony are gone, but all I have right now is the monotonous day in day out. I know my wife sees it, she‚Äôs called me out on it, but I shrug it off and say I‚Äôm tired. I love my family but right now I feel just feel drained. More than anything I think I just needed to say this, if only to try and shake myself out of apathy.",moderate,1
"Realised how ugly I must be. : I'm a guy... but it still hurts a lot. This week spent with family during Christmas and New Years has completely hammered home the fact that I'm ugly. Or, the ugly one in the family. And extended family.

I know I've always looked terrible in photos, but just seeing me in a bunch of them alongside my siblings and cousins this week, and seeing people on Facebook commenting about and complimenting them but ignoring my presence... it hurts, even though they didn't even say anything. It's just that I definitely know I don't look good, and it feels like everyone else is smart enough to know it too, which makes me shrink into my chair even more.

On top of that, my sisters were getting attention from different people all week. Again, I know how ridiculous I must sound typing this as a *guy*. But I already feel invisible and worthless enough as is in my life... and this week couldn't have made me feel anymore unwanted and alone, from family, friends and strangers alike.",moderate,1
"Why was I so unhappy at university? : I am 27, went to university when I was 18.

I really didn't enjoy any of the 5 years I was there. It was just 'ok'. I really prefer working life. I wish I could relive those years without the same anxiety about money.

Friends and acquaintances seem to only have great recollections about getting pissed, nights out, fucking.

I had very little of that and the thought is bringing me down. I feel like there must be something wrong with me because I am not particularly social.

I'd like to have more friends but I seem to have a hard time making them. In my halls I didn't fit in and I felt like I became the butt of every joke when I left the common room. I could hear a lot of what they said through the walls. The more I heard the more I withdrew.

I saw a psychotherapist (¬£70 a week!) for a couple of months. He said I didn't realise it, but just by being me I make a lot of people feel insecure. That always sounded like BS to me but it stuck with me anyway.

The older I get the less friends I have as they all move away. I'm married, I met my partner when I was 20. She is always in and out of work which stresses me out, I feel like I am always saving and paying for two people.",moderate,1
Anyone else feel violently depressed? : [removed],moderate,2
"2020 is in less than 2 hours and I don't feel ready : Everything is against me, especially during these holidays. My friends, my family, myself are all fucking me up deeply. 2019 was not a good year for me. How am I supposed to survive 2020 when theres no one left to help me?",moderate,0
"Depression or laziness? : For quite a long time now, I've been restless, not enjoying life at all(anhedonia), and lacking any sort of motivation to do anything at all. For a while I thought I was lazy, but I'm quite a rational person, and even when I've made full sense of why I should get up and do a thing, I recede into doing nothing again. I just don't seem to care enough about anything, nothing seems to be worth my effort. I have no passions or liking to things, I just sit there on my computer all day/TV. 
Most days I see no reason to get up or do anything healthy/productive. It's quite a nihilistic out view I have. I must say, I'm quite optimistic. As contradictory as that sounds I always look on the bright side of things, as it always bodes a better result.
Am I extremely lazy or depressed? I sure feel down most of the time, when I'm with friends it's okay, but it's not like any of my laughs or smiles are genuine however; I feel emotionless most of the time. This has been going on for at least a year or two and I really need to get work done and get on with my life so I don't fall behind. Any help would be appreciated :)",moderate,1
"$1,000,000 or no more depression? : Which would you pick?

And do you think if you chose the money it would help or get rid of your depression?",not depression,0
"Negative Nancy : I‚Äôve recently started dating someone who I‚Äôve had a crush on since I was 13 (Now 23). I‚Äôm so happy that it‚Äôs finally working out with us, but I think I upset him a little bit when I told him that I haven‚Äôt said anything to my parents. He knows my parents well and they really love him. I just am too scared to tell them because it‚Äôs so hard for me to be optimistic about anything. I don‚Äôt want to tell them because I don‚Äôt want to deal with telling them it didn‚Äôt work out, and it‚Äôs so hard for me to believe that it will. I wish I could be positive, but it‚Äôs just really hard for me.",moderate,1
I‚Äôm sure I‚Äôll die alone at this point : I know I need therapy and to work through my shit before trying to date. But I feel really fucking ugly and like I‚Äôm going to die alone even if I work on myself. I keep pushing people away and blew it with a good guy a few months ago. Confident I‚Äôm going to die alone and I really don‚Äôt want to be alive anymore to think about this pain.,moderate,1
"How to not lose your focus while being productive? : Any questions?  

It's like a problem right now on me.  


Have you felt like when you're learning online on youtube and you jump onto clips that are junk...

It's like you lose something after you do that.

You felt lost.

And like I am stuck...

I don't know what should I do next it's like have a path to walk but that path has a locked door so I can't go through",moderate,1
